[
  {
    "id": "snake",
    "title": "لعبة الثعبان",
    "desc": "تحكم بالثعبان وأكل التفاحة لتحقيق أعلى نتيجة.",
    "url": "games/snake.html",
    "tags": [
      "آركيد",
      "سريع"
    ],
    "thumb": "assets/snake.png"
  },
  {
    "id": "tictactoe",
    "title": "إكس-أو",
    "desc": "تحدَّ صديقك أو نفسك في لعبة كلاسيكية.",
    "url": "games/tictactoe.html",
    "tags": [
      "ذكاء",
      "للاعب واحد"
    ],
    "thumb": "assets/ttt.png"
  },
  {
    "id": "2048",
    "title": "2048 سريع",
    "desc": "ادمج الأرقام للوصول إلى 2048.",
    "url": "games/2048.html",
    "tags": [
      "ذكاء",
      "أرقام"
    ],
    "thumb": "assets/2048.png"
  }
]